{
    "loss": 8.543991088867188,
    "accuracy": 0.5179855823516846
}