{
    "loss": 20.39990234375,
    "accuracy": 0.48201438784599304
}